1000	Mushashi	Miyamoto	mi.mu@hokaido.war
1	Joseph	Craisford	jcraisford0@wiley.com
2	Svend	Farnish	sfarnish1@state.gov
3	Cristina	Fuzzens	cfuzzens2@themeforest.net
5	Rachael	Barfford	rbarfford4@newsvine.com
6	Saunders	Boog	sboog5@mtv.com
7	Kenny	Brinklow	kbrinklow6@google.nl
8	Obediah	Poli	opoli7@walmart.com
9	Alan	Ifill	aifill8@sun.com
10	Courtney	Slixby	cslixby9@parallels.com
11	Kelcie	Biagini	kbiaginia@myspace.com
12	Marney	Ghest	mghestb@cyberchimps.com
13	Bethanne	Fesby	bfesbyc@nyu.edu
14	Meade	Samuel	msamueld@nymag.com
15	Bar	Andrioletti	bandriolettie@skyrock.com
16	Dania	Kupper	dkupperf@goo.ne.jp
17	Izabel	Alen	ialeng@npr.org
18	Richmound	Enrigo	renrigoh@xing.com
19	Jess	Romeril	jromerili@vinaora.com
20	Fayre	Thomson	fthomsonj@myspace.com
21	Baxter	Lapsley	blapsleyk@qq.com
22	Stormie	Empson	sempsonl@purevolume.com
23	Chaim	Dyos	cdyosm@yellowpages.com
24	Myrtle	Leyland	mleylandn@google.de
25	Elaine	Rikel	erikelo@oracle.com
26	Stu	Llewellin	sllewellinp@japanpost.jp
27	Ermina	Meiklem	emeiklemq@oracle.com
28	Kermit	Knifton	kkniftonr@omniture.com
29	Giovanni	Leeds	gleedss@miibeian.gov.cn
31	Maxy	Dowall	mdowallu@angelfire.com
32	Dorthea	Balser	dbalserv@bbc.co.uk
33	Dex	Symonds	dsymondsw@live.com
34	Briana	Noyce	bnoycex@kickstarter.com
35	Kyle	Tinsley	ktinsleyy@clickbank.net
36	Farica	Copland	fcoplandz@japanpost.jp
37	Julee	Greenham	jgreenham10@blogger.com
38	Jessamyn	Netti	jnetti11@typepad.com
39	Gerik	Udy	gudy12@oakley.com
40	Marjy	Jindrak	mjindrak13@tumblr.com
41	Claudell	Gilyott	cgilyott14@digg.com
43	Myra	Wooles	mwooles16@samsung.com
44	Demetri	Rossbrook	drossbrook17@apache.org
46	Gayla	Sewards	gsewards19@uiuc.edu
47	Maura	Argile	margile1a@reddit.com
48	Wendy	Jindacek	wjindacek1b@go.com
49	Elliott	Peppin	epeppin1c@archive.org
50	Zonnya	Olsson	zolsson1d@topsy.com
51	Patty	Brimham	pbrimham1e@google.ru
52	Jamey	Houndson	jhoundson1f@dot.gov
53	Alexandra	Brugemann	abrugemann1g@time.com
54	Alfonso	Rubury	arubury1h@google.pl
55	Caz	Took	ctook1i@nyu.edu
56	Del	Bredgeland	dbredgeland1j@abc.net.au
57	Kally	Davidavidovics	kdavidavidovics1k@who.int
58	Salmon	Forstall	sforstall1l@facebook.com
59	Cara	Gartan	cgartan1m@mediafire.com
60	Silvain	Fegan	sfegan1n@meetup.com
1000	Sanada	Yukimura	yuki.sanada@fuji.war
1000	Sanada	Yukimura	yuki.sanada@fuji.war
